rec_index,hist_index,feature_type,depth_growth_per_year,length_growth_per_year,width_growth_per_year,total_depth_change,confidence
1685,999,METAL_LOSS_MANUFACTURING,1.1429,0.0071,0.09,8.0,0.9200678764750722
794,300,METAL_LOSS,0.4286,0.2157,0.2014,3.0,0.7396890818381983
796,301,METAL_LOSS,0.8571,0.5429,0.0743,6.0,0.8157968023599076
798,302,METAL_LOSS,1.0,0.3943,0.0671,7.0,0.7256490636853161
807,303,METAL_LOSS,1.7143,0.2257,0.0271,12.0,0.853169536725808
808,304,METAL_LOSS,-0.2857,0.11,0.0371,-2.0,0.8346173424615972
809,305,METAL_LOSS,0.8571,0.18,0.03,6.0,0.8458011888533323
810,306,METAL_LOSS,2.1429,0.0657,0.0257,15.0,0.7883694809444132
811,307,METAL_LOSS,-0.4286,0.1114,0.1843,-3.0,0.7535181640712445
848,333,METAL_LOSS,0.2857,0.3629,0.02,2.0,0.8408484262633671
882,346,METAL_LOSS,1.1429,0.78,0.2057,8.0,0.8176117448660107
893,368,METAL_LOSS,1.5714,0.1471,0.0114,11.0,0.39537657643157387
894,369,METAL_LOSS,-1.7143,0.5686,0.2571,-12.0,0.7915846872849226
895,370,METAL_LOSS,-3.2857,0.2186,0.1043,-23.0,0.9006360251728479
906,380,METAL_LOSS,0.7143,-0.0143,-0.17,5.0,0.9487411450829194
907,381,METAL_LOSS,0.7143,0.4786,0.12,5.0,0.814570778794956
1055,450,METAL_LOSS,-0.2857,1.5986,2.2714,-2.0,0.5238225956097183
1056,449,METAL_LOSS,1.2857,0.6729,0.2371,9.0,0.8706126713904188
1077,468,METAL_LOSS,1.0,0.4843,0.8629,7.0,0.8857666029810491
1079,469,METAL_LOSS,0.7143,0.1643,0.0829,5.0,0.7753333498873773
1089,476,METAL_LOSS,2.2857,0.0014,-0.0557,16.0,0.6775601709014473
1091,477,METAL_LOSS,3.0,0.0057,0.0871,21.0,0.6970584780872571
1093,478,METAL_LOSS,1.0,0.0329,0.0514,7.0,0.6863543226064593
1098,483,METAL_LOSS,0.5714,0.17,0.0057,4.0,0.7364584799476237
1162,510,METAL_LOSS,2.1429,0.6129,0.0457,15.0,0.7891766106383837
1163,511,METAL_LOSS,-0.8571,0.3671,0.0314,-6.0,0.5406494327714765
1164,513,METAL_LOSS,2.2857,2.4514,1.0471,16.0,0.7424270932590059
1165,516,METAL_LOSS,0.8571,10.1271,1.0886,6.0,0.7096716846028871
1166,515,METAL_LOSS,0.2857,0.4329,0.0657,2.0,0.41599195542908435
1194,524,METAL_LOSS,0.7143,0.7186,0.0457,5.0,0.6345706138281224
1210,526,METAL_LOSS,-1.0,0.7786,0.5857,-7.0,0.733737239623413
1212,527,METAL_LOSS,0.0,3.8729,0.8329,0.0,0.5390352469565604
1216,528,METAL_LOSS,-1.4286,1.2729,0.5914,-10.0,0.7076664383016779
1219,531,METAL_LOSS,-0.4286,0.5443,0.6729,-3.0,0.591242005756128
1220,532,METAL_LOSS,2.1429,1.2214,-0.0129,15.0,0.5726940461943004
1232,566,METAL_LOSS,-4.0,1.2871,0.1243,-28.0,0.5497031589078887
1247,574,METAL_LOSS,0.0,0.8871,0.5686,0.0,0.5941321109496103
1249,576,METAL_LOSS,1.0,0.03,0.16,7.0,0.8350351997049705
1250,575,METAL_LOSS,0.8571,0.1614,0.1157,6.0,0.7893009808619093
1251,577,METAL_LOSS,0.7143,0.2214,-0.1157,5.0,0.817328590582861
1257,579,METAL_LOSS,1.5714,0.0957,0.1114,11.0,0.7214641378437547
1260,580,METAL_LOSS,2.0,5.99,0.9886,14.0,0.41224709958616856
1261,581,METAL_LOSS,4.4286,7.2957,1.4814,31.0,0.6529726021745905
1263,591,METAL_LOSS,2.0,1.9157,0.8886,14.0,0.4547012623303461
1265,592,METAL_LOSS,1.2857,1.6529,0.6114,9.0,0.7659238202674491
1274,594,METAL_LOSS,1.2857,0.57,0.6271,9.0,0.8567591052267749
1276,596,METAL_LOSS,2.7143,2.0929,1.06,19.0,0.9075941942947608
1279,601,METAL_LOSS,2.0,3.4214,1.1986,14.0,0.5855801864533472
1280,602,METAL_LOSS,1.2857,1.4043,0.8186,9.0,0.7416652798572396
1283,606,METAL_LOSS,-0.1429,1.3757,0.4571,-1.0,0.7697087465077154
1284,609,METAL_LOSS,0.4286,0.1743,0.1729,3.0,0.5947708212045505
1288,622,METAL_LOSS,0.5714,0.7386,-0.1857,4.0,0.7296796231636512
1291,624,METAL_LOSS,1.2857,0.2871,0.4571,9.0,0.7127420215665633
1296,627,METAL_LOSS,1.8571,0.9443,0.5514,13.0,0.6873641367022211
1297,626,METAL_LOSS,1.5714,3.4543,2.3557,11.0,0.762292176108929
1299,630,METAL_LOSS,1.1429,0.2857,0.1514,8.0,0.7879826788505605
1307,632,METAL_LOSS,0.7143,0.6314,0.2743,5.0,0.8275154133680146
1309,637,METAL_LOSS,-0.1429,1.3714,0.2871,-1.0,0.45977652074523007
1311,634,METAL_LOSS,0.2857,0.3357,0.0857,2.0,0.6821731065932909
1323,649,METAL_LOSS,0.5714,0.2543,-0.2643,4.0,0.50226632365562
1324,650,METAL_LOSS,-0.1429,0.7843,-0.68,-1.0,0.6309245352701426
1329,654,METAL_LOSS,0.5714,0.19,-0.1057,4.0,0.7291186726882309
1330,655,METAL_LOSS,0.8571,0.1471,0.0229,6.0,0.7900181909034154
1341,663,METAL_LOSS,0.4286,0.7271,0.4586,3.0,0.7164083014650061
1345,666,METAL_LOSS,0.1429,0.2486,0.08,1.0,0.9587850062005844
1374,679,METAL_LOSS,0.7143,0.0357,0.0386,5.0,0.8766161490804317
1385,688,METAL_LOSS,1.4286,0.4043,0.14,10.0,0.8396731943948579
1388,691,METAL_LOSS,0.7143,0.2643,-0.0457,5.0,0.7979967529770917
1391,693,METAL_LOSS,-1.5714,1.4357,0.7671,-11.0,0.6224884094816042
1394,695,METAL_LOSS,-1.2857,3.0914,1.8129,-9.0,0.452561202978136
1395,699,METAL_LOSS,-0.4286,1.8471,0.7371,-3.0,0.5879268273011775
1396,697,METAL_LOSS,1.1429,0.4486,-0.11,8.0,0.7243135127510808
1398,700,METAL_LOSS,-1.5714,0.2614,0.1843,-11.0,0.7564600937452572
1399,698,METAL_LOSS,0.7143,0.5886,0.2271,5.0,0.7039484309498066
1404,703,METAL_LOSS,1.2857,0.18,0.2729,9.0,0.6723065717971034
1406,707,METAL_LOSS,0.7143,0.05,-0.0157,5.0,0.9233431127182812
1409,712,METAL_LOSS,1.5714,0.18,-0.0586,11.0,0.7880462171105974
1410,714,METAL_LOSS,0.8571,0.19,-0.2929,6.0,0.7360073281441105
1415,719,METAL_LOSS,1.7143,-0.0857,-0.42,12.0,0.48589005320516376
1416,720,METAL_LOSS,-2.2857,1.1043,1.5886,-16.0,0.7134201466141663
1417,722,METAL_LOSS,1.4286,0.0314,-0.4157,10.0,0.7505581481136514
1480,771,METAL_LOSS,-0.7143,0.03,-0.5157,-5.0,0.7690371278518585
1483,775,METAL_LOSS,2.1429,0.2286,0.0457,15.0,0.8121791387939366
1491,783,METAL_LOSS,2.7143,0.3071,0.2286,19.0,0.7577785272787199
1560,843,METAL_LOSS,-0.8571,0.1886,0.0314,-6.0,0.66774114034969
1561,844,METAL_LOSS,1.0,0.15,-0.0557,7.0,0.76849757574518
1564,847,METAL_LOSS,0.1429,0.5257,0.1157,1.0,0.7007240271752155
1586,864,METAL_LOSS,0.0,0.1071,-0.0471,0.0,0.8691878761983379
1596,880,METAL_LOSS,-3.7143,0.9114,0.1029,-26.0,0.7669143437855389
1597,883,METAL_LOSS,3.2857,0.7071,1.03,23.0,0.8397084112561045
1598,881,METAL_LOSS,-0.1429,0.2229,-0.0557,-1.0,0.979503641428202
1604,891,METAL_LOSS,0.8571,0.5257,-0.2614,6.0,0.542971708593996
1615,941,METAL_LOSS,0.2857,1.7157,1.8643,2.0,0.6452052677013368
1631,956,METAL_LOSS,0.1429,0.7357,0.0914,1.0,0.7814876087168267
1633,957,METAL_LOSS,-2.2857,0.8786,0.1286,-16.0,0.6817619748154972
1634,958,METAL_LOSS,1.1429,2.21,0.7714,8.0,0.6742122634016038
1636,960,METAL_LOSS,-0.4286,0.2443,-0.3786,-3.0,0.8475504931017462
1640,965,METAL_LOSS,1.2857,0.64,0.4257,9.0,0.673920617261796
1643,967,METAL_LOSS,-2.4286,1.5057,-0.1729,-17.0,0.6490529852070871
1645,970,METAL_LOSS,0.2857,0.4957,0.2186,2.0,0.6354268129830963
1646,968,METAL_LOSS,-0.8571,0.5114,0.2743,-6.0,0.8688776776197481
1649,973,METAL_LOSS,4.5714,0.2729,0.0557,32.0,0.8397248518342084
1654,979,METAL_LOSS,-4.1429,1.24,0.3957,-29.0,0.6185582284312511
1655,977,METAL_LOSS,-2.0,0.3171,-0.77,-14.0,0.7411505733949266
1692,1004,METAL_LOSS,0.0,0.6243,0.17,0.0,0.7743402765247672
1699,1009,METAL_LOSS,3.4286,3.2586,0.84,24.0,0.7347600566373328
1702,1014,METAL_LOSS,1.2857,0.45,0.2429,9.0,0.678418851665817
1705,1016,METAL_LOSS,3.5714,1.7871,0.1771,25.0,0.77241286259404
1707,1019,METAL_LOSS,0.0,0.61,0.1629,0.0,0.9876967183145544
1708,1020,METAL_LOSS,0.8571,1.2414,0.1429,6.0,0.8487171089519111
1709,1022,METAL_LOSS,1.5714,0.2543,0.0729,11.0,0.944485280223486
1711,1021,METAL_LOSS,1.8571,2.4157,0.9743,13.0,0.5046432838141018
1712,1023,METAL_LOSS,0.4286,1.9986,0.2171,3.0,0.9107078373650958
1713,1026,METAL_LOSS,0.5714,2.3586,0.5686,4.0,0.5584652364552066
1714,1029,METAL_LOSS,3.0,1.27,0.71,21.0,0.725676201292245
1717,1032,METAL_LOSS,2.4286,3.11,0.8,17.0,0.45920101006638697
1718,1036,METAL_LOSS,0.7143,2.2871,0.55,5.0,0.6476068627940429
1719,1035,METAL_LOSS,0.5714,2.0957,0.3914,4.0,0.9280840784840622
1720,1038,METAL_LOSS,-0.1429,2.2057,0.5814,-1.0,0.5824544130905239
1722,1040,METAL_LOSS,2.1429,2.0986,0.6571,15.0,0.5530395457485215
1727,1043,METAL_LOSS,-1.4286,0.2186,0.1857,-10.0,0.7844961479650822
1774,1063,METAL_LOSS,0.0,0.5157,0.96,0.0,0.6260014404668527
1775,1065,METAL_LOSS,2.1429,3.7457,0.6671,15.0,0.5931236534956944
1776,1064,METAL_LOSS,1.8571,2.2329,0.4057,13.0,0.562827661945442
1777,1069,METAL_LOSS,0.4286,0.33,-0.2,3.0,0.8348520478694214
1784,1076,METAL_LOSS,-2.5714,1.2143,3.2943,-18.0,0.6414570490468907
1785,1078,METAL_LOSS,-0.4286,0.0143,-0.6371,-3.0,0.7811943970913838
1789,1081,METAL_LOSS,-6.2857,0.1071,0.1086,-44.0,0.8607947078870731
1800,1088,METAL_LOSS,-0.1429,0.4129,0.1457,-1.0,0.7559129262404533
1809,1090,METAL_LOSS,1.2857,0.0614,0.0657,9.0,0.7772006645148686
1812,1092,METAL_LOSS,0.7143,0.5071,-0.0014,5.0,0.7629691900087144
1875,1134,METAL_LOSS,1.8571,0.1014,0.0057,13.0,0.7446005802263941
1885,1138,METAL_LOSS,1.5714,0.1057,0.0043,11.0,0.9023336090380193
1952,1184,METAL_LOSS,0.4286,0.8557,0.5,3.0,0.7588836749432787
1954,1186,METAL_LOSS,0.8571,1.0043,1.4057,6.0,0.7670521295376649
1955,1187,METAL_LOSS,2.4286,0.0671,0.06,17.0,0.8377728489955256
1959,1194,METAL_LOSS,1.5714,0.9943,0.7643,11.0,0.9375378533541202
1963,1203,METAL_LOSS,1.7143,0.1071,-0.04,12.0,0.5236245227003281
1964,1205,METAL_LOSS,0.0,0.1914,0.17,0.0,0.4968048435998602
1966,1201,METAL_LOSS,-1.0,0.2386,-0.0443,-7.0,0.6952222246287422
1967,1204,METAL_LOSS,-1.2857,1.3557,0.4229,-9.0,0.7649019009502148
1981,1213,METAL_LOSS,2.0,0.9971,0.4243,14.0,0.8979404684584296
1988,1218,METAL_LOSS,2.4286,0.1129,0.1086,17.0,0.9074607894334794
1992,1223,METAL_LOSS,0.1429,1.1886,0.7814,1.0,0.6779220559101985
2029,1237,METAL_LOSS,2.0,0.4943,0.3071,14.0,0.7434445681896348
2030,1238,METAL_LOSS,1.0,2.5414,0.62,7.0,0.8104629173500931
2059,1261,METAL_LOSS,3.5714,1.9043,0.92,25.0,0.6327113339056957
2073,1272,METAL_LOSS,-4.2857,0.3057,0.52,-30.0,0.8943705950555331
2087,1287,METAL_LOSS,-4.2857,0.8371,-0.3586,-30.0,0.762253394478977
2088,1286,METAL_LOSS,-3.4286,0.9157,0.7457,-24.0,0.7740350633233601
2093,1292,METAL_LOSS,-2.0,1.3214,1.0071,-14.0,0.6568853868137815
2095,1291,METAL_LOSS,4.2857,0.1471,-0.2629,30.0,0.8368626697087888
2096,1290,METAL_LOSS,-3.1429,0.0629,-0.4714,-22.0,0.8205416314023769
2106,1302,METAL_LOSS,3.4286,1.9343,0.5014,24.0,0.7846333559389532
2107,1304,METAL_LOSS,-3.8571,2.55,0.4243,-27.0,0.7060854009633241
2108,1308,METAL_LOSS,0.4286,0.7743,0.64,3.0,0.847394645746545
2114,1309,METAL_LOSS,2.1429,2.2057,0.8929,15.0,0.5916196471484869
2115,1312,METAL_LOSS,0.1429,1.5271,0.57,1.0,0.5838233707444793
2116,1311,METAL_LOSS,5.2857,0.3929,0.19,37.0,0.40810721382000203
2118,1314,METAL_LOSS,0.5714,0.3871,0.5514,4.0,0.8078021128160158
2120,1315,METAL_LOSS,1.1429,0.9114,0.5171,8.0,0.40405219501708795
2121,1316,METAL_LOSS,0.8571,0.3929,0.3143,6.0,0.7685671511404104
2122,1317,METAL_LOSS,-1.1429,0.0386,0.2,-8.0,0.8414861494038843
2126,1318,METAL_LOSS,1.0,1.3243,0.7886,7.0,0.49574268900247187
2127,1319,METAL_LOSS,-0.1429,0.5557,0.4057,-1.0,0.6586724215658982
2128,1320,METAL_LOSS,3.7143,1.7129,0.4114,26.0,0.6395658487799832
2131,1326,METAL_LOSS,-4.0,0.2071,0.3171,-28.0,0.7166303561239113
2132,1325,METAL_LOSS,-2.4286,0.1414,-0.0114,-17.0,0.7896899530556963
2150,1338,METAL_LOSS,-2.0,0.7186,-0.0586,-14.0,0.6457779670006901
2176,1353,METAL_LOSS,-0.8571,0.5186,0.0943,-6.0,0.7185684262588478
2177,1354,METAL_LOSS,4.0,3.1886,1.0029,28.0,0.5015856578857696
2184,1360,METAL_LOSS,0.2857,0.63,0.52,2.0,0.8777251684906967
2209,1385,METAL_LOSS,1.0,0.95,0.3286,7.0,0.49779171517471754
2220,1395,METAL_LOSS,0.5714,0.4586,0.1914,4.0,0.7890103807884464
2221,1396,METAL_LOSS,1.5714,3.0086,0.4757,11.0,0.7182543631712941
2223,1398,METAL_LOSS,-0.2857,0.6743,0.1986,-2.0,0.40045484498013983
2248,1415,METAL_LOSS,-0.2857,0.2329,0.2714,-2.0,0.7382142832679129
2249,1414,METAL_LOSS,-2.4286,0.0686,0.1286,-17.0,0.8040969945111047
2253,1420,METAL_LOSS,1.1429,0.1314,-0.4829,8.0,0.704898758828242
2257,1425,METAL_LOSS,1.5714,0.1386,0.2857,11.0,0.7518962130885105
2258,1428,METAL_LOSS,0.2857,0.4986,0.2257,2.0,0.8487338884310002
2259,1427,METAL_LOSS,-0.2857,0.2557,0.0014,-2.0,0.842199958194361
2260,1429,METAL_LOSS,2.7143,0.3414,0.0643,19.0,0.884944395351244
2267,1437,METAL_LOSS,1.0,0.2157,0.1857,7.0,0.8930071776643048
2270,1441,METAL_LOSS,2.2857,0.09,0.0171,16.0,0.894669501388328
2271,1442,METAL_LOSS,1.8571,0.1586,0.0543,13.0,0.975563702737976
2275,1445,METAL_LOSS,1.1429,0.1986,-0.1343,8.0,0.8914426555758932
2308,1471,METAL_LOSS,0.1429,0.6571,0.13,1.0,0.7182867142232412
2328,1489,METAL_LOSS,2.1429,1.1786,0.7329,15.0,0.6053400609792766
2330,1492,METAL_LOSS,0.4286,0.1743,0.1514,3.0,0.8436013136817277
2331,1493,METAL_LOSS,1.0,0.1871,0.3686,7.0,0.7605333583825015
2335,1497,METAL_LOSS,0.8571,0.2929,0.1171,6.0,0.7328198079564754
2336,1496,METAL_LOSS,0.1429,0.2643,0.0843,1.0,0.76082767503343
2371,1518,METAL_LOSS,0.4286,6.6486,1.1071,3.0,0.5402158262465109
2372,1521,METAL_LOSS,0.8571,0.0243,0.0557,6.0,0.561290333478353
2373,1525,METAL_LOSS,2.2857,0.2157,0.0729,16.0,0.8095485041601674
2381,1535,METAL_LOSS,-4.2857,0.7186,-0.0629,-30.0,0.6613152944094245
2387,1539,METAL_LOSS,1.8571,0.35,0.06,13.0,0.8273947189275079
2390,1541,METAL_LOSS,-0.2857,0.1257,0.3757,-2.0,0.765698053105767
2394,1543,METAL_LOSS,1.8571,2.44,1.0429,13.0,0.7388627014746593
2395,1544,METAL_LOSS,-0.4286,1.1014,0.5743,-3.0,0.6524821569838645
2401,1551,METAL_LOSS,0.2857,0.3186,-0.01,2.0,0.7223556911923579
2403,1552,METAL_LOSS,-1.1429,1.1743,0.6043,-8.0,0.7493229432250155
2404,1553,METAL_LOSS,-2.0,1.2729,0.6457,-14.0,0.7962875701593384
2405,1554,METAL_LOSS,0.8571,0.8929,0.4586,6.0,0.8437929599656975
2406,1556,METAL_LOSS,-0.2857,0.1386,0.1743,-2.0,0.7648231024287409
2407,1557,METAL_LOSS,3.0,1.3357,0.5171,21.0,0.8812104156610774
2410,1561,METAL_LOSS,0.2857,0.8729,0.2186,2.0,0.5526697701640557
2411,1563,METAL_LOSS,3.0,1.0029,0.3186,21.0,0.8377415863604702
2414,1567,METAL_LOSS,0.2857,0.13,0.1371,2.0,0.7383130724263242
2415,1568,METAL_LOSS,1.1429,1.41,0.6571,8.0,0.5371534011289246
2421,1579,METAL_LOSS,1.2857,0.26,0.1,9.0,0.7657216161629671
2424,1593,METAL_LOSS,0.7143,0.4243,0.1971,5.0,0.6299625670779623
2425,1594,METAL_LOSS,5.0,12.03,2.0014,35.0,0.9187170832215549
2427,1605,METAL_LOSS,5.2857,2.7071,0.9214,37.0,0.5673589582131909
2428,1610,METAL_LOSS,3.4286,0.1329,0.2657,24.0,0.7319697184495443
2429,1617,METAL_LOSS,1.0,0.83,0.1857,7.0,0.7040756300742793
2430,1618,METAL_LOSS,3.1429,3.7271,1.1743,22.0,0.5348737650308378
2431,1620,METAL_LOSS,-4.0,0.0786,0.0057,-28.0,0.5736821385686892
2432,1621,METAL_LOSS,6.5714,2.5129,1.2114,46.0,0.6974956088797178
2433,1629,METAL_LOSS,0.8571,1.3957,0.8029,6.0,0.6190488724580135
2434,1631,METAL_LOSS,1.4286,0.0386,-0.01,10.0,0.6881819044904965
2435,1622,METAL_LOSS,0.4286,0.4086,0.1943,3.0,0.34414660404776165
2436,1632,METAL_LOSS,0.0,0.41,0.0829,0.0,0.5402204169398369
2437,1633,METAL_LOSS,1.1429,0.2186,-0.0171,8.0,0.7668568771185298
2438,1627,METAL_LOSS,1.1429,0.3386,0.3771,8.0,0.3997847456196067
2442,1639,METAL_LOSS,0.1429,0.93,0.4886,1.0,0.8390404999596773
2444,1644,METAL_LOSS,1.5714,0.8029,0.92,11.0,0.40388230734514663
2445,1643,METAL_LOSS,1.2857,0.1043,-0.0114,9.0,0.7098531476894034
2446,1645,METAL_LOSS,2.1429,4.69,1.6971,15.0,0.9159641190688796
2448,1659,METAL_LOSS,0.2857,0.2371,-0.9629,2.0,0.8593009232977813
2449,1660,METAL_LOSS,1.2857,0.4986,0.2943,9.0,0.7711074062731733
2450,1658,METAL_LOSS,-2.5714,-0.0457,-0.9557,-18.0,0.6345354087057656
2459,1666,METAL_LOSS,2.0,0.8914,0.0557,14.0,0.5004768498131418
2460,1667,METAL_LOSS,2.2857,1.85,0.4057,16.0,0.6898175899871184
2461,1670,METAL_LOSS,3.5714,1.0471,0.3543,25.0,0.7409160584812823
2462,1672,METAL_LOSS,1.2857,0.1114,-0.0329,9.0,0.6046744792947394
2464,1673,METAL_LOSS,0.8571,0.33,0.0114,6.0,0.545719351258134
2465,1674,METAL_LOSS,2.7143,3.0643,0.5014,19.0,0.4422973914801048
2466,1676,METAL_LOSS,-0.1429,0.2314,0.0957,-1.0,0.43307977216925797
2473,1683,METAL_LOSS,-0.7143,0.1329,0.1271,-5.0,0.7354998284853664
2474,1687,METAL_LOSS,0.5714,0.1329,0.1971,4.0,0.8438292153227613
2475,1685,METAL_LOSS,1.8571,0.0529,0.02,13.0,0.7260668742715147
2483,1696,METAL_LOSS,3.0,1.7329,0.5086,21.0,0.8622329914595073
2484,1700,METAL_LOSS,1.0,0.1186,0.1114,7.0,0.6908738072730041
2489,1705,METAL_LOSS,-1.5714,0.09,-0.0414,-11.0,0.8757489411891436
2498,1726,METAL_LOSS,-1.2857,0.7186,0.7671,-9.0,0.8598614367825393
2499,1725,METAL_LOSS,0.4286,0.28,0.0271,3.0,0.8177747643795106
2500,1722,METAL_LOSS,1.1429,0.1986,-0.4643,8.0,0.8201561443223099
2502,1728,METAL_LOSS,0.1429,0.1986,0.0971,1.0,0.7943615578904976
2506,1729,METAL_LOSS,-2.8571,0.7414,0.2571,-20.0,0.8722775578032714
2507,1730,METAL_LOSS,0.2857,0.0443,0.0343,2.0,0.5701702450717488
2508,1731,METAL_LOSS,0.2857,0.2157,0.0971,2.0,0.4743126191986561
2511,1734,METAL_LOSS,-0.1429,0.0943,0.1386,-1.0,0.8060820055726006
2512,1736,METAL_LOSS,3.1429,1.57,1.0,22.0,0.864752283204693
2518,1744,METAL_LOSS,-2.4286,0.5314,0.1586,-17.0,0.6083617372746855
2524,1750,METAL_LOSS,6.4286,2.7157,0.6643,45.0,0.49733242205424794
2526,1751,METAL_LOSS,-3.5714,0.1371,0.0057,-25.0,0.5946386383356645
2532,1753,METAL_LOSS,0.8571,1.0757,0.51,6.0,0.717561449468627
2533,1754,METAL_LOSS,-1.7143,1.6214,0.6829,-12.0,0.7299532895380471
2536,1761,METAL_LOSS,-1.4286,0.5686,-0.0957,-10.0,0.7654841558381148
2537,1759,METAL_LOSS,-1.1429,0.3986,0.2214,-8.0,0.7295430417058804
2538,1758,METAL_LOSS,-2.1429,0.4357,-0.1829,-15.0,0.7840446298484168
2539,1762,METAL_LOSS,-0.5714,0.2229,0.17,-4.0,0.8099322598472082
2540,1760,METAL_LOSS,-1.0,0.4029,-0.2529,-7.0,0.6849176988248836
2558,1776,METAL_LOSS,2.0,2.0043,0.6457,14.0,0.46310141997831816
2582,1786,METAL_LOSS,1.2857,0.8729,0.2886,9.0,0.7047527145552223
2614,1814,METAL_LOSS,1.4286,0.9329,0.6529,10.0,0.7840308226266379
2619,1820,METAL_LOSS,-0.5714,1.1686,1.2914,-4.0,0.6659887914905128
2620,1826,METAL_LOSS,1.2857,0.7671,0.1829,9.0,0.6993759602690265
2621,1823,METAL_LOSS,0.2857,0.0457,-0.4471,2.0,0.7939789565512031
2622,1824,METAL_LOSS,0.0,0.2443,-0.1657,0.0,0.8339007710204013
2647,1846,METAL_LOSS,1.2857,1.0271,0.7314,9.0,0.6114211895616484
2773,1935,METAL_LOSS,1.2857,0.7557,0.11,9.0,0.6295559503675574
2775,1936,METAL_LOSS,1.0,0.19,0.1571,7.0,0.8210383052595511
2776,1937,METAL_LOSS,1.0,0.1043,0.0143,7.0,0.8287086578920516
2777,1938,METAL_LOSS,0.2857,0.1529,-0.0129,2.0,0.7720553074476681
2780,1940,METAL_LOSS,1.7143,0.2529,0.04,12.0,0.8085475402317146
2794,1952,METAL_LOSS,1.1429,1.1043,0.48,8.0,0.4624005147269558
2799,1955,METAL_LOSS,-0.1429,0.0629,-0.1814,-1.0,0.6851581624297453
2802,1960,METAL_LOSS,-1.8571,0.0943,0.2014,-13.0,0.7802135505867496
2803,1959,METAL_LOSS,2.0,0.2671,-0.7571,14.0,0.7710362958848632
2804,1963,METAL_LOSS,0.7143,0.1986,0.0714,5.0,0.6338357173768624
2805,1962,METAL_LOSS,0.4286,0.1371,-0.22,3.0,0.69421116291744
2806,1964,METAL_LOSS,-0.5714,0.1729,0.08,-4.0,0.5193614849304208
2807,1965,METAL_LOSS,1.0,0.2271,0.1686,7.0,0.47674399918632526
2813,1966,METAL_LOSS,1.5714,0.22,0.0143,11.0,0.4600029977728434
2819,1967,METAL_LOSS,2.0,0.6114,0.1629,14.0,0.46686565285166515
2820,1968,METAL_LOSS,1.4286,0.1057,0.0143,10.0,0.44173323547727505
2827,1971,METAL_LOSS,1.1429,0.2971,0.1286,8.0,0.8793969849250415
2829,1972,METAL_LOSS,0.1429,0.2557,0.1171,1.0,0.9177318911841645
2830,1973,METAL_LOSS,0.8571,0.3543,0.1343,6.0,0.6926178481044155
2835,1979,METAL_LOSS,1.1429,0.9743,0.3314,8.0,0.6546036194458035
2841,1984,METAL_LOSS,2.2857,0.1514,0.1857,16.0,0.890672218668005
2843,1986,METAL_LOSS,1.8571,0.1286,-0.1086,13.0,0.8377001308521327
2844,1987,METAL_LOSS,2.0,0.3,0.2371,14.0,0.8984989637451186
2845,1988,METAL_LOSS,1.5714,0.2429,-0.0643,11.0,0.8746605551382731
2851,1992,METAL_LOSS,-0.4286,0.4443,0.1271,-3.0,0.766701791011908
2855,2000,METAL_LOSS,0.4286,0.7371,0.1114,3.0,0.6341022432865098
2856,1999,METAL_LOSS,-1.5714,0.3357,0.0271,-11.0,0.5774353872121266
2857,1998,METAL_LOSS,-4.5714,0.3514,-0.0157,-32.0,0.6172479554279701
2858,1996,METAL_LOSS,0.1429,0.6971,-0.2129,1.0,0.4851198660096062
2867,2006,METAL_LOSS,1.0,1.4814,0.45,7.0,0.6139017423103756
2868,2007,METAL_LOSS,1.7143,0.0671,-0.0371,12.0,0.6485549898027141
2870,2008,METAL_LOSS,5.7143,0.1357,0.3914,40.0,0.5667112348667591
2873,2011,METAL_LOSS,1.0,0.9414,0.3043,7.0,0.6701593447271619
2886,2013,METAL_LOSS,-3.7143,0.1186,0.12,-26.0,0.7624314469139634
2933,2042,METAL_LOSS,0.8571,0.4614,0.36,6.0,0.8489921928367786
2934,2043,METAL_LOSS,1.0,0.3443,0.2757,7.0,0.8965118434781869
2936,2041,METAL_LOSS,4.7143,0.0214,0.0457,33.0,0.753890519429446
2965,2060,METAL_LOSS,1.1429,1.8843,1.0729,8.0,0.5595613865211909
2967,2063,METAL_LOSS,4.4286,2.5214,0.8586,31.0,0.7801122754349148
2969,2065,METAL_LOSS,1.8571,2.1271,1.02,13.0,0.8363819469172353
2970,2068,METAL_LOSS,0.2857,0.6543,0.2743,2.0,0.5642828391723129
2971,2066,METAL_LOSS,0.1429,0.17,0.0514,1.0,0.4327372651027045
3002,2074,METAL_LOSS,-0.1429,0.49,0.1457,-1.0,0.7590176580047381
3009,2077,METAL_LOSS,0.4286,0.0971,0.0186,3.0,0.3787225761923475
3010,2078,METAL_LOSS,0.2857,0.6129,-0.0457,2.0,0.6531232225277516
3039,2129,METAL_LOSS,0.1429,0.24,0.1529,1.0,0.4740910652288733
3044,2134,METAL_LOSS,2.1429,0.6314,1.1886,15.0,0.8191127953878425
3045,2136,METAL_LOSS,0.5714,0.2957,-0.0129,4.0,0.828157521014515
3046,2133,METAL_LOSS,0.4286,0.3157,-0.1343,3.0,0.9026742400053438
3050,2141,METAL_LOSS,-0.5714,0.2529,0.0686,-4.0,0.8227767936757165
3051,2142,METAL_LOSS,1.4286,1.7271,0.3786,10.0,0.785930587505513
3061,2152,METAL_LOSS,0.1429,0.0357,-0.0086,1.0,0.41131459963596373
3062,2144,METAL_LOSS,1.1429,0.1214,0.01,8.0,0.7420048422816624
3064,2147,METAL_LOSS,1.8571,1.3929,0.1857,13.0,0.9155057621111649
3065,2150,METAL_LOSS,0.8571,1.0743,0.2629,6.0,0.7669405749275131
3067,2149,METAL_LOSS,-0.1429,1.99,1.3757,-1.0,0.6740912004353855
3068,2148,METAL_LOSS,0.5714,0.0271,-0.0629,4.0,0.5677459127404398
3070,2153,METAL_LOSS,0.7143,0.2029,0.1829,5.0,0.8069910228345714
3071,2151,METAL_LOSS,0.5714,0.0286,-0.0329,4.0,0.43774186794577336
3079,2157,METAL_LOSS,2.5714,7.9214,1.3157,18.0,0.4505202733541868
3081,2161,METAL_LOSS,3.0,5.6829,1.9329,21.0,0.39004964666292263
3084,2164,METAL_LOSS,3.1429,0.8271,0.2643,22.0,0.48895973328639747
3086,2165,METAL_LOSS,-0.2857,3.6457,0.9829,-2.0,0.4910629724542683
3092,2167,METAL_LOSS,1.0,0.7871,0.2814,7.0,0.636308647799767
3095,2166,METAL_LOSS,0.8571,0.04,0.01,6.0,0.5235619192317468
3098,2169,METAL_LOSS,1.5714,0.5843,0.0614,11.0,0.9479520615895007
3099,2171,METAL_LOSS,2.8571,2.8929,0.9429,20.0,0.8927968649848502
3106,2176,METAL_LOSS,-3.0,0.2357,0.0743,-21.0,0.9222632790466058
3107,2177,METAL_LOSS,-0.1429,0.0929,0.0286,-1.0,0.8659047674788797
3112,2180,METAL_LOSS,-0.8571,0.5329,0.8771,-6.0,0.723722048748047
3113,2183,METAL_LOSS,0.8571,0.2814,0.4457,6.0,0.6989573667507365
3127,2188,METAL_LOSS,0.1429,0.7,0.5029,1.0,0.7440099662732402
3128,2189,METAL_LOSS,1.8571,0.29,0.1286,13.0,0.8941333982656049
3130,2190,METAL_LOSS,0.7143,0.9543,0.3929,5.0,0.5971010363930412
3131,2191,METAL_LOSS,1.5714,0.6357,0.4429,11.0,0.6100372871738607
3146,2194,METAL_LOSS,0.5714,0.3014,0.1986,4.0,0.7070669312026086
3147,2196,METAL_LOSS,0.0,0.0343,-0.1629,0.0,0.54858247292245
3149,2197,METAL_LOSS,-0.8571,0.4386,-0.2457,-6.0,0.8141220603848003
3151,2195,METAL_LOSS,0.2857,0.2843,0.0,2.0,0.6827103020131232
3152,2200,METAL_LOSS,1.4286,1.13,0.6329,10.0,0.8133219842395555
3153,2199,METAL_LOSS,1.5714,-0.0271,-0.1157,11.0,0.8165384119928623
3154,2198,METAL_LOSS,1.2857,0.3357,0.0686,9.0,0.5002888201038688
3155,2201,METAL_LOSS,1.0,0.1071,0.0829,7.0,0.7165609932750152
3160,2202,METAL_LOSS,0.8571,0.3786,0.21,6.0,0.8628271265963084
3165,2203,METAL_LOSS,0.7143,1.2514,0.5114,5.0,0.6606991746011328
3172,2206,METAL_LOSS,1.5714,0.1286,0.0886,11.0,0.6104906345260919
3177,2208,METAL_LOSS,-2.7143,0.0543,0.29,-19.0,0.5627476756366495
3180,2210,METAL_LOSS,2.8571,0.5329,0.3857,20.0,0.7289295726786602
3188,2212,METAL_LOSS,0.8571,0.8586,0.13,6.0,0.8761199843051927
3190,2213,METAL_LOSS,0.1429,0.0729,-0.0171,1.0,0.7637584126138682
3192,2214,METAL_LOSS,3.2857,0.1114,0.0657,23.0,0.5670019566496
3193,2215,METAL_LOSS,0.8571,2.9914,0.2129,6.0,0.7546225808161331
3194,2217,METAL_LOSS,0.1429,0.3971,0.1586,1.0,0.667398752612633
3195,2219,METAL_LOSS,1.0,0.7157,0.2371,7.0,0.6214754643762752
3196,2221,METAL_LOSS,0.5714,0.7614,-0.2514,4.0,0.8168351420253562
3198,2222,METAL_LOSS,5.0,9.2014,1.59,35.0,0.7189802171039943
3199,2223,METAL_LOSS,1.8571,0.71,0.0257,13.0,0.8453444149573278
3200,2237,METAL_LOSS,0.8571,3.3843,0.4457,6.0,0.4165192576267911
3201,2226,METAL_LOSS,1.4286,0.2614,0.1586,10.0,0.8273550113646665
3202,2233,METAL_LOSS,4.5714,6.0671,1.5729,32.0,0.6430084456965075
3203,2245,METAL_LOSS,-0.4286,0.3329,0.0486,-3.0,0.7601913988757151
3204,2255,METAL_LOSS,1.1429,0.9857,-0.0071,8.0,0.6297816683583483
3205,2253,METAL_LOSS,1.2857,1.4386,0.1829,9.0,0.8265879042230918
3207,2265,METAL_LOSS,3.5714,0.5814,0.0471,25.0,0.7679559986125984
3208,2257,METAL_LOSS,-5.5714,0.4471,-0.3543,-39.0,0.4516501562187655
3210,2269,METAL_LOSS,0.2857,0.4243,0.3629,2.0,0.6521027848407426
3211,2268,METAL_LOSS,4.1429,0.0729,0.18,29.0,0.8708187129192667
3212,2264,METAL_LOSS,-2.4286,1.67,0.6714,-17.0,0.4291057393603083
3213,2267,METAL_LOSS,-1.0,1.1529,0.3443,-7.0,0.5294727973772329
3214,2271,METAL_LOSS,4.2857,3.0557,0.3814,30.0,0.7714077184132867
3219,2275,METAL_LOSS,0.8571,0.7029,0.1514,6.0,0.6441889179599645
3222,2276,METAL_LOSS,0.2857,0.2243,-0.1843,2.0,0.5899299400582634
3224,2277,METAL_LOSS,1.1429,0.9957,0.3829,8.0,0.4882601638472691
3225,2278,METAL_LOSS,1.2857,0.3386,0.1057,9.0,0.7397059130967587
3227,2281,METAL_LOSS,1.2857,0.33,0.2371,9.0,0.9589037700721257
3228,2280,METAL_LOSS,1.2857,1.43,0.7014,9.0,0.6707839850740904
3229,2284,METAL_LOSS,1.0,0.6486,0.3243,7.0,0.7235654729297443
3230,2286,METAL_LOSS,5.5714,3.1729,1.3657,39.0,0.6554917546245035
3231,2288,METAL_LOSS,4.8571,2.4671,1.5343,34.0,0.6147213934390061
3232,2293,METAL_LOSS,7.2857,5.2257,2.8443,51.0,0.8541322439440008
3233,2290,METAL_LOSS,5.7143,0.2143,-0.0143,40.0,0.6896808699329071
3234,2294,METAL_LOSS,2.2857,0.14,-0.0071,16.0,0.49184294832139513
3235,2299,METAL_LOSS,2.5714,1.8514,0.53,18.0,0.4778500334167789
3236,2316,METAL_LOSS,2.5714,3.4957,0.6957,18.0,0.46567665275428366
3237,2317,METAL_LOSS,1.8571,0.1129,-0.02,13.0,0.4318449385038349
3244,2318,METAL_LOSS,0.7143,0.8414,0.26,5.0,0.7365649213439979
3247,2319,METAL_LOSS,0.7143,0.0743,0.0129,5.0,0.769782475802275
3248,2322,METAL_LOSS,0.4286,0.49,0.2014,3.0,0.6877454472587933
3251,2321,METAL_LOSS,2.2857,3.0714,1.2443,16.0,0.5074282134417002
3252,2323,METAL_LOSS,0.7143,0.0743,-0.0671,5.0,0.40897343779819306
3255,2325,METAL_LOSS,1.4286,0.1729,0.0743,10.0,0.8475309249153565
3257,2326,METAL_LOSS,1.8571,9.19,2.4471,13.0,0.7642813365849034
3260,2339,METAL_LOSS,0.2857,0.1329,-0.03,2.0,0.5395323989566547
3262,2342,METAL_LOSS,0.0,3.4814,0.6686,0.0,0.5451052308971521
3267,2351,METAL_LOSS,4.0,13.6529,2.5586,28.0,0.7473711621331065
3271,2359,METAL_LOSS,1.8571,1.0957,0.32,13.0,0.643665059115815
3272,2363,METAL_LOSS,1.4286,0.1229,0.0886,10.0,0.6907430013862677
3273,2365,METAL_LOSS,-1.7143,0.2714,-0.1014,-12.0,0.6063859201964616
3274,2367,METAL_LOSS,1.7143,2.0371,0.6314,12.0,0.8022044905783933
3275,2373,METAL_LOSS,-0.8571,0.2271,0.1343,-6.0,0.6658496675327406
3276,2379,METAL_LOSS,2.0,0.47,0.9329,14.0,0.5697153133437365
3277,2381,METAL_LOSS,5.4286,3.3671,0.4714,38.0,0.8225126245119588
3278,2384,METAL_LOSS,2.5714,0.2243,0.1414,18.0,0.654923117246839
3279,2375,METAL_LOSS,1.5714,0.1986,0.0314,11.0,0.48317126644815556
3280,2389,METAL_LOSS,0.8571,0.05,0.0243,6.0,0.8602164110593887
3281,2393,METAL_LOSS,-1.2857,0.2471,0.0671,-9.0,0.8005326739323146
3282,2395,METAL_LOSS,2.0,0.0386,0.0971,14.0,0.7932676615643388
3283,2392,METAL_LOSS,0.1429,0.3671,-0.0257,1.0,0.601149792957711
3284,2401,METAL_LOSS,5.5714,5.03,0.8229,39.0,0.9219233747440287
3285,2400,METAL_LOSS,-0.4286,0.4786,-0.0086,-3.0,0.763441526167272
3286,2402,METAL_LOSS,-3.0,0.4043,0.0457,-21.0,0.6611843965788838
3287,2398,METAL_LOSS,2.4286,1.5386,0.4871,17.0,0.465038517472561
3291,2410,METAL_LOSS,1.2857,0.0386,0.0286,9.0,0.6176647165117761
3301,2421,METAL_LOSS,-1.7143,0.9014,-0.0414,-12.0,0.3939290200144149
3302,2412,METAL_LOSS,-1.5714,3.23,0.49,-11.0,0.7350120962670611
3303,2415,METAL_LOSS,0.2857,-0.05,0.1257,2.0,0.85496748405315
3304,2417,METAL_LOSS,2.4286,0.5443,0.8857,17.0,0.7957150653347365
3305,2420,METAL_LOSS,-0.4286,0.15,0.14,-3.0,0.8582506845633602
3308,2424,METAL_LOSS,2.8571,0.31,0.2286,20.0,0.37796782961001957
3309,2425,METAL_LOSS,0.2857,0.5671,0.5229,2.0,0.8173903608930312
3310,2426,METAL_LOSS,0.2857,0.9729,0.32,2.0,0.8999492646087724
3315,2430,METAL_LOSS,3.2857,3.2343,1.4529,23.0,0.46402042381838604
3316,2432,METAL_LOSS,3.1429,1.3557,0.05,22.0,0.8186163491311965
3317,2438,METAL_LOSS,1.2857,0.4843,0.22,9.0,0.6952869808685875
3318,2437,METAL_LOSS,0.1429,0.8643,0.6086,1.0,0.8448047656816311
3319,2433,METAL_LOSS,0.2857,0.2986,-0.1686,2.0,0.4312891428668792
3320,2435,METAL_LOSS,1.0,0.3814,0.18,7.0,0.3755982683818381
3321,2440,METAL_LOSS,4.5714,0.1371,0.3057,32.0,0.5370702636883345
3325,2443,METAL_LOSS,0.2857,0.5029,-0.4157,2.0,0.7790149081799902
3327,2444,METAL_LOSS,-1.7143,0.2814,-0.0114,-12.0,0.8079028589246202
3334,2448,METAL_LOSS,1.4286,1.0586,0.4057,10.0,0.6906555548348443
3335,2449,METAL_LOSS,1.4286,0.7814,0.1257,10.0,0.8007396682234479
3337,2451,METAL_LOSS,1.8571,0.4443,0.2514,13.0,0.7980457417709207
3338,2452,METAL_LOSS,1.1429,1.1414,0.5,8.0,0.667903685492076
3339,2453,METAL_LOSS,1.0,0.1929,0.2243,7.0,0.5277700667734341
3358,2455,METAL_LOSS,0.4286,0.58,0.4186,3.0,0.44174124808538656
3359,2454,METAL_LOSS,1.0,0.8557,0.4629,7.0,0.901234889278342
3369,2458,METAL_LOSS,0.8571,1.2986,0.9186,6.0,0.596962758998383
3373,2461,METAL_LOSS,-1.2857,0.2071,0.2343,-9.0,0.928423899510343
3375,2463,METAL_LOSS,-1.2857,1.0957,0.62,-9.0,0.5777029431981325
3380,2468,METAL_LOSS,2.4286,0.3643,0.2214,17.0,0.8416544581945663
3381,2469,METAL_LOSS,2.1429,0.2543,-0.0386,15.0,0.7743033846659542
3383,2470,METAL_LOSS,-0.4286,0.5014,0.2757,-3.0,0.7947680481607531
3429,2501,METAL_LOSS,0.0,0.2986,0.2243,0.0,0.79858276158346
3438,2508,METAL_LOSS,1.5714,0.1729,0.0171,11.0,0.7470835886548998
3469,2523,METAL_LOSS,1.0,0.3071,0.0371,7.0,0.8883854273714303
3472,2525,METAL_LOSS,1.1429,2.4257,0.8457,8.0,0.5171852789098754
3481,2530,METAL_LOSS,-0.4286,0.31,0.1143,-3.0,0.9347657216309657
3495,2533,METAL_LOSS,-2.4286,0.0129,-0.11,-17.0,0.8406215078674908
3500,2534,METAL_LOSS,1.7143,0.2257,0.0329,12.0,0.856937119147708
3503,2535,METAL_LOSS,1.1429,0.1014,0.08,8.0,0.8118266584486152
3506,2536,METAL_LOSS,3.5714,0.5129,-0.0143,25.0,0.7286896347709839
3507,2537,METAL_LOSS,3.1429,0.0943,0.0557,22.0,0.8864274723777695
3508,2539,METAL_LOSS,0.0,0.2229,0.14,0.0,0.6188892385321426
3510,2540,METAL_LOSS,0.0,0.49,0.0357,0.0,0.8449031114688167
3511,2541,METAL_LOSS,3.8571,0.0543,-0.0143,27.0,0.686513393158733
3513,2546,METAL_LOSS,-1.4286,0.68,0.3486,-10.0,0.7150073444276976
3514,2545,METAL_LOSS,-0.1429,0.7186,0.2714,-1.0,0.7732655550742001
3516,2547,METAL_LOSS,3.4286,0.4814,0.4657,24.0,0.8047539754072479
3519,2548,METAL_LOSS,2.2857,0.8429,0.8686,16.0,0.7120946343594524
3521,2549,METAL_LOSS,2.0,0.1286,0.2229,14.0,0.7002115535245922
3522,2550,METAL_LOSS,0.8571,0.2057,0.0914,6.0,0.7432418740134881
3523,2551,METAL_LOSS,-0.5714,-0.0343,0.0,-4.0,0.7000337389481468
3524,2552,METAL_LOSS,2.1429,0.0886,0.0671,15.0,0.63328368487629
3525,2553,METAL_LOSS,1.1429,1.3171,0.6871,8.0,0.5418547919232874
3529,2554,METAL_LOSS,2.8571,0.1129,0.0843,20.0,0.7535077571211418
3532,2557,METAL_LOSS,1.8571,-0.0414,0.13,13.0,0.8291781399595088
3551,2564,METAL_LOSS,3.0,2.1186,0.1414,21.0,0.5328459902325281
3552,2563,METAL_LOSS,-0.4286,0.11,0.0429,-3.0,0.8771301667129552
3553,2565,METAL_LOSS,1.8571,0.4686,0.2743,13.0,0.8169157189004099
3554,2568,METAL_LOSS,-1.5714,0.1314,0.0129,-11.0,0.8805125293710562
3555,2570,METAL_LOSS,0.2857,0.2386,0.1429,2.0,0.7856725161743784
3556,2569,METAL_LOSS,3.5714,0.3871,0.0914,25.0,0.711862192710346
3557,2571,METAL_LOSS,0.4286,0.1286,-0.1357,3.0,0.9375138811518412
3558,2572,METAL_LOSS,0.5714,0.5871,0.1057,4.0,0.69472120443941
3559,2573,METAL_LOSS,2.8571,0.1457,0.0714,20.0,0.7945160532833752
3560,2575,METAL_LOSS,1.0,0.1714,0.0243,7.0,0.7321907315549928
3561,2574,METAL_LOSS,2.1429,0.0814,-0.0271,15.0,0.5845097444676898
3562,2576,METAL_LOSS,2.2857,0.1529,0.0371,16.0,0.845276415000479
3563,2577,METAL_LOSS,0.1429,-0.0114,0.06,1.0,0.6118220774172721
3564,2578,METAL_LOSS,3.8571,0.0486,0.0529,27.0,0.7243207503162991
3565,2579,METAL_LOSS,2.4286,0.0543,0.1657,17.0,0.713089187928677
3566,2582,METAL_LOSS,-0.7143,-0.1557,-0.1,-5.0,0.5293296250612608
3567,2581,METAL_LOSS,1.5714,0.0357,0.2257,11.0,0.7219020136419213
3568,2580,METAL_LOSS,3.4286,0.6914,0.1529,24.0,0.7555144123860307
3569,2583,METAL_LOSS,2.1429,0.1,-0.0214,15.0,0.7137145739284996
3571,2585,METAL_LOSS,1.0,0.1343,0.0686,7.0,0.6843809646363777
3572,2587,METAL_LOSS,-0.7143,0.3414,0.3243,-5.0,0.44232024932332875
3573,2586,METAL_LOSS,0.8571,0.17,0.1929,6.0,0.81807668509987
3574,2588,METAL_LOSS,3.0,2.7986,0.3657,21.0,0.523065405422256
3575,2591,METAL_LOSS,2.0,0.1471,0.0171,14.0,0.786154019179772
3577,2592,METAL_LOSS,1.8571,0.1614,0.1343,13.0,0.8914026239229738
3578,2593,METAL_LOSS,3.1429,0.0586,-0.0171,22.0,0.7895298329064382
3579,2595,METAL_LOSS,1.0,0.0829,-0.01,7.0,0.44178020255549466
3580,2590,METAL_LOSS,0.4286,-0.0357,0.0357,3.0,0.4802340566163235
3582,2594,METAL_LOSS,1.7143,0.3943,0.0771,12.0,0.7569846493518362
3583,2597,METAL_LOSS,2.0,0.51,0.2014,14.0,0.45136569522641606
3584,2601,METAL_LOSS,1.4286,0.2386,0.2114,10.0,0.40819921349586713
3585,2596,METAL_LOSS,2.0,0.1129,0.05,14.0,0.7736953161073963
3586,2598,METAL_LOSS,2.8571,0.6271,0.3171,20.0,0.8042201970624068
3587,2599,METAL_LOSS,1.4286,0.6514,0.1843,10.0,0.8355797350255249
3588,2602,METAL_LOSS,1.4286,0.23,0.2229,10.0,0.8001751866799184
3589,2603,METAL_LOSS,2.4286,0.3814,0.22,17.0,0.8848210926744576
3591,2604,METAL_LOSS,2.7143,0.0686,-0.0329,19.0,0.846634498752914
3592,2606,METAL_LOSS,1.1429,0.1529,0.1171,8.0,0.832801480290979
3593,2608,METAL_LOSS,3.1429,0.5114,0.1529,22.0,0.6975995452175672
3594,2607,METAL_LOSS,0.8571,0.0971,0.0514,6.0,0.8647924126069043
3595,2609,METAL_LOSS,2.2857,0.9886,0.2986,16.0,0.8541403502396646
3596,2610,METAL_LOSS,-0.1429,0.1243,0.12,-1.0,0.9676966256928975
3597,2611,METAL_LOSS,-0.5714,0.2071,0.1914,-4.0,0.9309428941626785
3598,2612,METAL_LOSS,1.2857,0.09,-0.0257,9.0,0.9181159772168128
3599,2614,METAL_LOSS,2.2857,0.08,0.1314,16.0,0.8099678774335716
3600,2615,METAL_LOSS,1.8571,1.2914,0.1829,13.0,0.937226059917807
3602,2619,METAL_LOSS,1.8571,1.5629,0.32,13.0,0.7019108786131454
3604,2621,METAL_LOSS,1.1429,0.0957,0.0414,8.0,0.8291387931339544
3606,2623,METAL_LOSS,3.1429,1.6457,0.6771,22.0,0.8742499527820675
3607,2625,METAL_LOSS,0.0,0.1814,0.0829,0.0,0.8624739301056678
3608,2627,METAL_LOSS,-1.7143,0.1471,0.06,-12.0,0.8687254693231292
3610,2630,METAL_LOSS,0.5714,0.1071,0.1143,4.0,0.8643949459259002
3614,2632,METAL_LOSS,1.1429,0.4629,0.67,8.0,0.8798773009711953
3615,2633,METAL_LOSS,2.2857,0.0743,0.0671,16.0,0.8046999804497643
3618,2634,METAL_LOSS,0.7143,0.2429,0.1871,5.0,0.7912382611031843
3626,2636,METAL_LOSS,-3.4286,-0.1829,-0.2686,-24.0,0.5348132725411187
3628,2637,METAL_LOSS,1.5714,0.3157,0.2629,11.0,0.5014386692048564
3630,2639,METAL_LOSS,2.8571,0.0586,-0.0329,20.0,0.6657573932425445
3632,2640,METAL_LOSS,2.7143,0.5271,0.4171,19.0,0.49969379075560716
3633,2642,METAL_LOSS,0.0,2.4671,0.6029,0.0,0.594213879233978
3634,2638,METAL_LOSS,3.7143,0.0686,0.0229,26.0,0.4149443990300224
3635,2641,METAL_LOSS,1.4286,0.0943,-0.0871,10.0,0.6233788101340979
3637,2643,METAL_LOSS,0.5714,0.3029,-0.0443,4.0,0.45592065260211107
3638,2644,METAL_LOSS,1.5714,0.5114,0.4271,11.0,0.6971054777572732
3641,2647,METAL_LOSS,1.2857,1.0843,0.3543,9.0,0.748792599820534
3643,2645,METAL_LOSS,0.7143,0.64,0.3443,5.0,0.4723352789349065
3645,2649,METAL_LOSS,1.4286,0.2414,0.4643,10.0,0.777951900630472
3648,2648,METAL_LOSS,-0.5714,0.6514,0.3,-4.0,0.5442325402409808
3654,2650,METAL_LOSS,1.5714,0.3357,0.0729,11.0,0.7725422970743684
3655,2651,METAL_LOSS,0.0,0.1757,0.1257,0.0,0.8599185311932365
3657,2652,METAL_LOSS,0.8571,0.0671,0.0486,6.0,0.870758260099758
3660,2653,METAL_LOSS,2.1429,0.8543,0.2657,15.0,0.8688062326263192
3664,2654,METAL_LOSS,1.4286,0.2529,0.0343,10.0,0.7705059209195301
3669,2655,METAL_LOSS,2.0,0.04,0.0486,14.0,0.7870736505287099
3671,2656,METAL_LOSS,1.5714,2.2057,0.4886,11.0,0.5587603252072566
3674,2657,METAL_LOSS,0.7143,1.0757,0.2671,5.0,0.7024953233836035
3675,2658,METAL_LOSS,3.7143,2.0886,0.7571,26.0,0.8623289418073932
3678,2661,METAL_LOSS,1.8571,1.1257,0.4943,13.0,0.529273085201031
3680,2662,METAL_LOSS,1.1429,0.91,0.2271,8.0,0.9589649653947687
3683,2663,METAL_LOSS,1.1429,0.2543,0.2871,8.0,0.8313349144569558
3691,2664,METAL_LOSS,2.5714,0.1957,0.06,18.0,0.7606979283900441
3696,2665,METAL_LOSS,-0.7143,0.0257,-0.0729,-5.0,0.9299708264365417
3698,2666,METAL_LOSS,1.7143,0.0786,0.0314,12.0,0.8717576911782295
3699,2667,METAL_LOSS,0.5714,0.3686,0.06,4.0,0.8941787807010524
3701,2668,METAL_LOSS,1.2857,0.2843,0.0371,9.0,0.825853450243098
3702,2669,METAL_LOSS,2.0,0.2757,0.06,14.0,0.8513644729101572
3703,2670,METAL_LOSS,1.7143,0.0614,-0.0114,12.0,0.7153067354129319
3705,2671,METAL_LOSS,0.1429,0.3671,0.1943,1.0,0.819098525270829
3706,2672,METAL_LOSS,1.5714,-0.0043,0.2586,11.0,0.8822800148256972
3707,2676,METAL_LOSS,0.5714,0.3229,0.3271,4.0,0.8573880684264291
3708,2674,METAL_LOSS,-1.0,0.98,0.5329,-7.0,0.7855169499805108
3709,2678,METAL_LOSS,1.0,0.1814,0.1086,7.0,0.8919680798868703
3710,2673,METAL_LOSS,-1.5714,0.2486,-0.1843,-11.0,0.8541627995824878
3713,2677,METAL_LOSS,0.0,0.4214,0.0071,0.0,0.5098692871369439
3716,2682,METAL_LOSS,-1.2857,0.6529,0.3829,-9.0,0.7001728793875488
3717,2683,METAL_LOSS,0.8571,0.2057,0.1357,6.0,0.8461007432080954
3718,2681,METAL_LOSS,-0.1429,0.0729,-0.0871,-1.0,0.8526738962469621
3727,2687,METAL_LOSS,0.2857,0.9043,1.3171,2.0,0.6907749403647792
3729,2690,METAL_LOSS,2.8571,0.07,0.0714,20.0,0.6656764812296098
3731,2692,METAL_LOSS,1.4286,2.88,1.47,10.0,0.8225167035148165
3732,2693,METAL_LOSS,0.8571,1.0571,0.56,6.0,0.542699268822364
3733,2694,METAL_LOSS,2.0,0.1157,0.06,14.0,0.7056953642382321
3734,2695,METAL_LOSS,2.1429,0.7586,1.1857,15.0,0.7657337591970742
3739,2700,METAL_LOSS,2.0,0.2414,0.1286,14.0,0.7280185555667205
3773,2712,METAL_LOSS,-1.8571,0.1071,0.0286,-13.0,0.34983120295377945
3775,2714,METAL_LOSS,-1.8571,0.2243,0.0771,-13.0,0.38973507058500556
3776,2711,METAL_LOSS,-5.2857,0.0829,-0.0129,-37.0,0.5210981024382798
3777,2713,METAL_LOSS,3.8571,2.9414,1.8871,27.0,0.5014050098973648
3779,2719,METAL_LOSS,0.1429,0.2529,0.3114,1.0,0.8848092919595525
3780,2720,METAL_LOSS,-1.8571,0.2529,0.1914,-13.0,0.6304233823884531
3781,2722,METAL_LOSS,1.8571,0.5357,0.1129,13.0,0.87629950168967
3782,2721,METAL_LOSS,1.4286,0.1071,0.13,10.0,0.8803634051057054
3783,2723,METAL_LOSS,2.7143,0.0214,0.0286,19.0,0.7903663239519386
3784,2725,METAL_LOSS,0.7143,0.0529,0.0371,5.0,0.6269530675543488
3785,2724,METAL_LOSS,1.8571,0.2643,0.0343,13.0,0.9223635204646629
3786,2726,METAL_LOSS,1.2857,0.4043,0.0729,9.0,0.8183092052238824
3787,2728,METAL_LOSS,0.4286,1.4814,0.6,3.0,0.839842236249001
3792,2734,METAL_LOSS,0.7143,1.0743,0.2571,5.0,0.47898918424976367
3793,2731,METAL_LOSS,4.1429,0.5757,0.4114,29.0,0.948446275939214
3794,2732,METAL_LOSS,4.1429,0.1557,0.1257,29.0,0.6275695266670214
3795,2735,METAL_LOSS,0.0,1.0171,0.3886,0.0,0.8545122599090028
3796,2736,METAL_LOSS,1.2857,0.0529,0.1543,9.0,0.8711218311864731
3797,2733,METAL_LOSS,3.7143,0.0114,0.0157,26.0,0.4827045909775174
3798,2739,METAL_LOSS,0.1429,2.7429,0.56,1.0,0.8470417593113915
3799,2738,METAL_LOSS,-5.0,0.0329,0.21,-35.0,0.6177605933050191
3800,2742,METAL_LOSS,-1.7143,0.33,0.1257,-12.0,0.39140279725778826
3801,2747,METAL_LOSS,0.2857,0.7757,0.3629,2.0,0.6214277396566524
3804,2748,METAL_LOSS,0.4286,1.8214,0.7657,3.0,0.49292158621279375
3805,2749,METAL_LOSS,0.0,0.2357,0.1286,0.0,0.8790731685878894
3806,2750,METAL_LOSS,0.5714,0.6386,0.48,4.0,0.8541958548500843
3807,2751,METAL_LOSS,-0.1429,0.69,0.38,-1.0,0.8321039246087774
3809,2754,METAL_LOSS,1.8571,1.2457,0.6629,13.0,0.6426465594387339
3810,2752,METAL_LOSS,3.0,1.45,2.0186,21.0,0.6888902597709694
3811,2756,METAL_LOSS,1.8571,0.5243,0.33,13.0,0.654958965023838
3812,2755,METAL_LOSS,-1.5714,-0.0643,0.12,-11.0,0.7827264321948186
3813,2757,METAL_LOSS,-2.2857,0.3386,-0.3929,-16.0,0.890265547576668
3815,2760,METAL_LOSS,3.0,1.7157,0.7329,21.0,0.6757387612270072
3818,2765,METAL_LOSS,2.4286,2.3557,0.4829,17.0,0.826727172740378
3822,2771,METAL_LOSS,2.8571,0.18,0.14,20.0,0.8795294191995011
3823,2772,METAL_LOSS,1.0,0.4886,0.31,7.0,0.821318114110961
3834,2773,METAL_LOSS,1.7143,0.6586,0.2686,12.0,0.7128538562425352
3835,2774,METAL_LOSS,2.5714,0.0786,0.0514,18.0,0.945624357503067
3836,2775,METAL_LOSS,3.5714,0.2586,0.1314,25.0,0.902365291521222
3838,2777,METAL_LOSS,2.0,1.5686,0.2029,14.0,0.9198936471006388
3840,2779,METAL_LOSS,3.5714,0.08,0.1814,25.0,0.8782027534268433
3841,2780,METAL_LOSS,3.2857,1.4657,0.6386,23.0,0.8877374370816471
3842,2781,METAL_LOSS,0.8571,0.5871,0.6543,6.0,0.8441018758831462
3843,2782,METAL_LOSS,1.4286,0.1186,0.06,10.0,0.8807163130036352
3845,2783,METAL_LOSS,4.5714,0.0043,0.0257,32.0,0.8829618334385041
3846,2784,METAL_LOSS,1.4286,0.2014,0.2286,10.0,0.8803411279814012
3847,2785,METAL_LOSS,4.8571,-0.0029,0.0829,34.0,0.8930280738888584
3848,2786,METAL_LOSS,4.7143,0.0386,0.1057,33.0,0.876270157997455
3853,2788,METAL_LOSS,0.2857,0.0586,0.0171,2.0,0.7075955654297817
3854,2789,METAL_LOSS,0.2857,-0.0614,-0.1843,2.0,0.6126392351494773
3855,2790,METAL_LOSS,1.8571,0.8186,0.5057,13.0,0.7095136747383118
3858,2791,METAL_LOSS,1.0,0.5843,0.28,7.0,0.6836252280157322
3859,2792,METAL_LOSS,3.2857,0.0657,0.0314,23.0,0.847356193693792
3860,2793,METAL_LOSS,0.1429,0.41,0.2329,1.0,0.7920167139856232
3867,2796,METAL_LOSS,0.5714,0.1529,0.0457,4.0,0.869579622160566
3868,2797,METAL_LOSS,-2.5714,0.1443,0.4114,-18.0,0.8615832561731342
3879,2802,METAL_LOSS,0.4286,0.3543,0.0957,3.0,0.8497290176594917
3882,2812,METAL_LOSS,1.4286,0.27,0.05,10.0,0.7990468071499878
3884,2814,METAL_LOSS,1.1429,0.1671,0.1086,8.0,0.709751887690496
3891,2819,METAL_LOSS,1.2857,0.3643,0.5543,9.0,0.7144816283421177
3894,2821,METAL_LOSS,0.5714,0.1971,0.1614,4.0,0.8364428998135153
3900,2823,METAL_LOSS,2.8571,0.0786,-0.0114,20.0,0.749456569335833
3904,2824,METAL_LOSS,1.2857,0.6729,0.2557,9.0,0.758528391961272
3906,2828,METAL_LOSS,1.5714,0.4929,0.4986,11.0,0.800147809503291
3911,2831,METAL_LOSS,0.2857,0.2943,0.1386,2.0,0.7576651305154006
3912,2830,METAL_LOSS,1.4286,0.1314,0.0343,10.0,0.7639880327575453
3913,2832,METAL_LOSS,-2.5714,0.6443,0.2257,-18.0,0.843675752748571
3916,2833,METAL_LOSS,1.7143,0.8957,0.6343,12.0,0.4180780968651814
3917,2834,METAL_LOSS,0.4286,0.2986,0.0,3.0,0.41346758909588305
3918,2835,METAL_LOSS,-1.7143,0.2114,-0.0657,-12.0,0.4021903845438067
3919,2836,METAL_LOSS,0.0,0.2529,-0.0114,0.0,0.4029918176809097
3920,2837,METAL_LOSS,-0.2857,0.2643,0.0057,-2.0,0.4930817461738436
3921,2838,METAL_LOSS,0.4286,0.2643,0.0457,3.0,0.5919960191454221
3923,2840,METAL_LOSS,0.1429,0.1586,0.06,1.0,0.6224429287737944
3924,2839,METAL_LOSS,3.5714,2.1657,1.9414,25.0,0.8941955481350989
3926,2844,METAL_LOSS,2.0,0.8843,0.7171,14.0,0.7973157433882873
3927,2843,METAL_LOSS,0.7143,0.0543,-0.1629,5.0,0.5608478723205209
3928,2842,METAL_LOSS,-0.5714,1.3129,0.6343,-4.0,0.48995410982982995
3929,2845,METAL_LOSS,1.7143,0.2186,0.4171,12.0,0.7001275543749989
3930,2846,METAL_LOSS,1.4286,1.7257,0.9614,10.0,0.5272803198995406
3932,2847,METAL_LOSS,1.8571,0.8329,0.1686,13.0,0.47281507665248185
3933,2848,METAL_LOSS,-0.1429,0.2329,-0.0057,-1.0,0.5792338182523885
3934,2849,METAL_LOSS,1.0,0.2786,0.0571,7.0,0.7145898816638383
3935,2850,METAL_LOSS,1.2857,0.1786,0.1486,9.0,0.5521683543977939
3937,2851,METAL_LOSS,2.5714,1.6186,1.0086,18.0,0.6162736783288433
3938,2854,METAL_LOSS,-1.4286,0.2929,0.1314,-10.0,0.5794237029339906
3948,2858,METAL_LOSS,1.5714,0.2357,-0.0186,11.0,0.7406330191394602
3950,2859,METAL_LOSS,2.2857,0.2314,0.4757,16.0,0.7950218697171123
3952,2862,METAL_LOSS,1.1429,0.9786,0.22,8.0,0.7697762907912266
3953,2864,METAL_LOSS,0.7143,0.27,0.42,5.0,0.7583692942732223
3954,2863,METAL_LOSS,-1.0,0.0914,0.1171,-7.0,0.8710222461487507
3958,2868,METAL_LOSS,0.0,0.5343,0.4471,0.0,0.822113939584773
3959,2869,METAL_LOSS,0.4286,0.3486,0.07,3.0,0.7920141014923872
3968,2872,METAL_LOSS,-1.2857,1.4157,1.0171,-9.0,0.7389072423547283
3970,2875,METAL_LOSS,0.8571,0.4129,0.0914,6.0,0.43196006596366404
3971,2874,METAL_LOSS,1.0,1.7614,0.6629,7.0,0.7514439328420508
3977,2876,METAL_LOSS,1.1429,1.3129,0.4514,8.0,0.6658799629193877
3979,2882,METAL_LOSS,0.0,0.29,0.1614,0.0,0.40020983293019186
3980,2879,METAL_LOSS,1.2857,0.9414,0.33,9.0,0.737614302987336
3981,2881,METAL_LOSS,1.0,0.9971,0.2457,7.0,0.7084941953323053
3982,2883,METAL_LOSS,1.8571,0.91,1.44,13.0,0.9024420738311758
3984,2886,METAL_LOSS,0.7143,2.4957,0.5,5.0,0.753356825269034
3987,2889,METAL_LOSS,1.5714,0.1671,0.1743,11.0,0.7060048128281696
3996,2894,METAL_LOSS,-2.0,0.6357,0.6614,-14.0,0.7283065206596525
4005,2900,METAL_LOSS,6.0,0.41,0.5257,42.0,0.9045513285494274
4006,2902,METAL_LOSS,0.4286,0.6929,0.2529,3.0,0.8171756956312477
4007,2901,METAL_LOSS,-0.7143,0.3257,0.7743,-5.0,0.672808562801418
4031,2916,METAL_LOSS,-0.4286,0.5957,0.1429,-3.0,0.7239503127327834
4033,2920,METAL_LOSS,0.1429,0.3929,0.0371,1.0,0.8252860668702254
4034,2917,METAL_LOSS,0.1429,0.3529,-0.0271,1.0,0.7477632017185527
4035,2918,METAL_LOSS,0.2857,0.7986,-0.09,2.0,0.6517488948069253
4046,2922,METAL_LOSS,1.2857,0.1014,0.0971,9.0,0.49090521715564367
4057,2930,METAL_LOSS,1.1429,0.4414,0.22,8.0,0.7690558463781427
4060,2932,METAL_LOSS,2.4286,1.1543,0.8943,17.0,0.7348791930289144
4062,2933,METAL_LOSS,1.8571,0.1257,0.0057,13.0,0.6752526567547267
4064,2935,METAL_LOSS,2.8571,1.7343,0.2614,20.0,0.5703421244648044
4065,2937,METAL_LOSS,1.1429,0.11,0.04,8.0,0.7500528560725008
4066,2938,METAL_LOSS,-0.1429,1.4686,0.9743,-1.0,0.6765226299598598
4067,2942,METAL_LOSS,0.4286,0.0957,0.0771,3.0,0.6919704594162749
4068,2943,METAL_LOSS,1.8571,0.9657,0.4514,13.0,0.8853452582469605
4069,2944,METAL_LOSS,0.8571,0.7871,0.1629,6.0,0.7327213540647911
4070,2947,METAL_LOSS,5.4286,0.4429,0.0,38.0,0.8527220018135557
4071,2948,METAL_LOSS,1.7143,0.0586,-0.0043,12.0,0.7479268872176723
4072,2950,METAL_LOSS,0.5714,-0.0471,0.0686,4.0,0.7217075568527529
4073,2951,METAL_LOSS,4.4286,0.1471,0.1829,31.0,0.7570920213988711
4074,2952,METAL_LOSS,5.4286,1.26,0.2357,38.0,0.697610056959788
4075,2953,METAL_LOSS,-1.1429,0.1371,0.1057,-8.0,0.7362068274535748
4076,2956,METAL_LOSS,1.2857,0.5229,0.0886,9.0,0.7198411518254474
4077,2957,METAL_LOSS,3.5714,0.4243,0.0914,25.0,0.7846138453670245
4078,2959,METAL_LOSS,4.2857,0.07,0.0686,30.0,0.7448739231933545
4079,2961,METAL_LOSS,3.1429,0.3029,0.1571,22.0,0.7154607456988874
4080,2960,METAL_LOSS,1.5714,0.1357,0.0686,11.0,0.4826707059206853
4081,2964,METAL_LOSS,3.4286,-0.0014,0.0057,24.0,0.8000192497847639
4082,2963,METAL_LOSS,-0.2857,0.1314,0.1457,-2.0,0.5746984404582672
4083,2965,METAL_LOSS,2.5714,0.1871,0.2143,18.0,0.791402103679906
4084,2966,METAL_LOSS,-0.1429,0.1529,0.0457,-1.0,0.6543061411118655
4085,2967,METAL_LOSS,0.4286,0.1129,0.0371,3.0,0.7904329128160842
4086,2962,METAL_LOSS,0.2857,0.3129,0.1371,2.0,0.36061367250213655
4087,2968,METAL_LOSS,2.4286,0.0229,0.0429,17.0,0.7385664027731983
4088,2969,METAL_LOSS,0.8571,0.36,0.1814,6.0,0.5085665590737457
4089,2970,METAL_LOSS,0.8571,0.3257,0.1571,6.0,0.47165901456665493
4090,2973,METAL_LOSS,0.8571,-0.01,0.23,6.0,0.43347033136365937
4091,2971,METAL_LOSS,3.8571,1.7243,0.7886,27.0,0.7381885700189329
4092,2976,METAL_LOSS,0.7143,0.1114,0.0943,5.0,0.7730678012916813
4093,2975,METAL_LOSS,0.2857,0.3371,0.1071,2.0,0.6225433099340996
4094,2978,METAL_LOSS,1.4286,0.9671,0.3914,10.0,0.7670349247819899
4095,2977,METAL_LOSS,0.8571,0.09,0.0771,6.0,0.4169665049352228
4106,2981,METAL_LOSS,-1.4286,0.96,0.5,-10.0,0.6670167274781729
4107,2979,METAL_LOSS,0.1429,0.1557,0.0057,1.0,0.7285508068697671
4108,2980,METAL_LOSS,2.1429,0.1243,0.0886,15.0,0.6911517288506525
4114,2985,METAL_LOSS,-4.8571,0.3086,-0.4157,-34.0,0.8970513573060155
4115,2986,METAL_LOSS,2.0,0.6029,0.3586,14.0,0.7318229462718598
4116,2987,METAL_LOSS,-5.2857,0.3929,0.69,-37.0,0.6620449664729425
4117,2988,METAL_LOSS,-3.1429,0.31,-0.0914,-22.0,0.8842612517383021
4125,2992,METAL_LOSS,1.7143,0.8157,0.3771,12.0,0.6656547829761345
4126,2991,METAL_LOSS,0.0,0.5143,0.1271,0.0,0.7439933883719915
4127,2993,METAL_LOSS,1.7143,1.0671,0.5086,12.0,0.8274752277831583
4129,2994,METAL_LOSS,0.1429,2.59,1.4914,1.0,0.46539218883741956
4131,2996,METAL_LOSS,0.5714,1.2014,0.3357,4.0,0.759121559275588
4132,2998,METAL_LOSS,1.4286,0.31,0.0286,10.0,0.7894188900430121
4133,2997,METAL_LOSS,-0.7143,0.81,0.3371,-5.0,0.4922564122582186
4135,3000,METAL_LOSS,2.5714,0.4657,-0.06,18.0,0.7117404934295812
4137,3003,METAL_LOSS,-0.8571,-0.1814,-0.1757,-6.0,0.3737139106044218
4138,3002,METAL_LOSS,3.1429,4.0943,1.7671,22.0,0.6346310434917908
4139,3004,METAL_LOSS,-1.2857,0.02,-0.8243,-9.0,0.463955550819103
4140,3009,METAL_LOSS,0.7143,0.09,0.0529,5.0,0.7558217750808826
4141,3010,METAL_LOSS,2.0,1.2386,0.1457,14.0,0.8188552375234489
4151,3013,METAL_LOSS,2.1429,3.3471,0.76,15.0,0.5139418727502617
4155,3015,METAL_LOSS,2.5714,2.8129,0.4257,18.0,0.7465371603468741
4159,3021,METAL_LOSS,0.1429,0.0271,-0.0629,1.0,0.642147820607711
4160,3020,METAL_LOSS,-0.7143,0.2186,0.14,-5.0,0.44100951546335043
4163,3023,METAL_LOSS,-0.4286,0.2271,0.0157,-3.0,0.4716838785679202
4164,3022,METAL_LOSS,3.0,1.3371,0.3929,21.0,0.7577858391906627
4167,3026,METAL_LOSS,-3.7143,1.2329,0.2886,-26.0,0.65697746209187
4168,3027,METAL_LOSS,0.0,0.6786,1.44,0.0,0.6362940410288344
4169,3030,METAL_LOSS,0.7143,0.3414,-0.0314,5.0,0.7842059324343841
4170,3031,METAL_LOSS,1.5714,0.1614,-0.1543,11.0,0.7830046091433905
4171,3029,METAL_LOSS,1.1429,0.0986,0.08,8.0,0.8809345757553415
4173,3035,METAL_LOSS,-0.1429,0.2671,-0.01,-1.0,0.7375734311843666
4174,3036,METAL_LOSS,-2.1429,0.1414,0.1714,-15.0,0.8074518918374799
4175,3038,METAL_LOSS,1.1429,0.1671,0.0971,8.0,0.9564562224715474
4177,3034,METAL_LOSS,-2.0,0.09,-0.3671,-14.0,0.916971790897011
4178,3037,METAL_LOSS,-0.7143,0.2071,-0.09,-5.0,0.9172689243291531
4179,3039,METAL_LOSS,-0.5714,0.4086,0.2243,-4.0,0.6110541429921001
4182,3044,METAL_LOSS,-1.0,-0.0129,-0.1257,-7.0,0.4963801594364398
4183,3047,METAL_LOSS,1.2857,0.1657,0.04,9.0,0.5984201350630277
4184,3048,METAL_LOSS,2.2857,0.18,0.0,16.0,0.5561192794132865
4185,3049,METAL_LOSS,1.1429,0.2357,0.0114,8.0,0.6334177574738172
4186,3050,METAL_LOSS,1.0,0.0671,0.01,7.0,0.4047246511198662
4197,3051,METAL_LOSS,2.0,1.89,0.93,14.0,0.4768095242159894
4198,3052,METAL_LOSS,0.8571,1.9986,0.5071,6.0,0.6407640896274778
4199,3053,METAL_LOSS,1.1429,4.1729,2.3557,8.0,0.6528449172871709
4201,3056,METAL_LOSS,1.2857,0.1186,0.0171,9.0,0.8177297832919714
4203,3054,METAL_LOSS,0.0,0.3786,0.0686,0.0,0.3996892500718805
4204,3059,METAL_LOSS,2.8571,2.05,1.8629,20.0,0.6836194293745905
4205,3060,METAL_LOSS,-2.0,0.2086,0.0671,-14.0,0.5956528913666373
4213,3061,METAL_LOSS,1.7143,0.0814,0.0386,12.0,0.9446875329505836
4214,3062,METAL_LOSS,1.2857,0.1171,0.0614,9.0,0.9334080555847788
4215,3063,METAL_LOSS,2.1429,0.1314,0.1014,15.0,0.9229143492209984
4219,3065,METAL_LOSS,1.8571,4.2671,1.4229,13.0,0.8166051049973939
4224,3071,METAL_LOSS,1.2857,0.3157,0.1529,9.0,0.9176285334943287
4225,3074,METAL_LOSS,-1.4286,0.3814,-0.0743,-10.0,0.8807265144591625
4226,3073,METAL_LOSS,1.5714,0.05,0.1843,11.0,0.9521629336020955
4237,3076,METAL_LOSS,1.2857,2.6186,0.5971,9.0,0.7033933986692241
4242,3079,METAL_LOSS,0.4286,0.3957,0.1743,3.0,0.8908948548743574
4243,3080,METAL_LOSS,3.4286,2.1371,1.2171,24.0,0.9789842280656386
4244,3082,METAL_LOSS,1.2857,0.1071,-0.19,9.0,0.947025537841274
4245,3081,METAL_LOSS,-2.2857,0.2929,0.1057,-16.0,0.8931726240478038
4246,3083,METAL_LOSS,0.1429,0.6643,-0.2914,1.0,0.8079378468050026
4248,3085,METAL_LOSS,-1.8571,0.27,0.04,-13.0,0.9423995534651636
4261,3088,METAL_LOSS,1.2857,1.4571,0.1129,9.0,0.9204328059169787
4262,3091,METAL_LOSS,0.2857,2.4414,0.8229,2.0,0.582618805019903
4264,3093,METAL_LOSS,-0.2857,0.77,0.1843,-2.0,0.6643289611568036
4278,3103,METAL_LOSS,0.8571,1.5129,0.4014,6.0,0.7425597511359887
4281,3105,METAL_LOSS,1.0,0.6686,0.3029,7.0,0.7873220559042959
4284,3106,METAL_LOSS,1.8571,0.9743,0.2543,13.0,0.7104507631655064
4298,3110,METAL_LOSS,1.7143,0.4443,1.0929,12.0,0.6315001612972657
4301,3111,METAL_LOSS,1.2857,0.2157,0.4443,9.0,0.5129098309560556
4303,3112,METAL_LOSS,1.1429,0.72,0.3757,8.0,0.5870980715996595
4304,3113,METAL_LOSS,0.2857,0.2214,0.0729,2.0,0.7256089068100233
4307,3114,METAL_LOSS,0.5714,0.8929,0.0743,4.0,0.5933566272095778
4308,3115,METAL_LOSS,0.8571,0.2929,0.02,6.0,0.6488615782217703
4309,3116,METAL_LOSS,0.8571,0.0843,0.0743,6.0,0.7682748168235212
4310,3119,METAL_LOSS,-0.2857,0.39,-0.0229,-2.0,0.4370661992385035
4311,3117,METAL_LOSS,1.7143,0.5129,0.0629,12.0,0.5908609814727948
4312,3118,METAL_LOSS,1.5714,0.6729,0.1314,11.0,0.6659672370411407
4316,3125,METAL_LOSS,1.7143,1.3629,1.0729,12.0,0.5367107467190035
4344,3141,METAL_LOSS,0.4286,5.8271,0.7471,3.0,0.404395912172827
4347,3143,METAL_LOSS,2.7143,3.6343,0.6243,19.0,0.5860532780412377
4349,3142,METAL_LOSS,2.2857,1.92,0.3343,16.0,0.7477931184956315
4350,3145,METAL_LOSS,0.7143,0.31,0.1,5.0,0.5040413100154291
4351,3144,METAL_LOSS,0.8571,0.8529,0.4543,6.0,0.40065520575635977
4376,3154,METAL_LOSS,1.0,1.42,0.4986,7.0,0.6463054468172927
4390,3158,METAL_LOSS,0.8571,0.5971,0.4986,6.0,0.8351313835544444
4392,3161,METAL_LOSS,2.2857,0.8557,2.1986,16.0,0.648447672336332
4393,3159,METAL_LOSS,-0.7143,1.2757,0.6914,-5.0,0.6233246819566887
4394,3162,METAL_LOSS,1.1429,2.1986,1.5914,8.0,0.513835563266139
4402,3169,METAL_LOSS,1.0,0.5443,-0.1671,7.0,0.7601130239289935
4403,3168,METAL_LOSS,-0.4286,0.4443,0.1357,-3.0,0.8097528349660108
4404,3170,METAL_LOSS,-5.0,0.4171,0.05,-35.0,0.8272157790042426
4405,3167,METAL_LOSS,-0.2857,0.53,0.0857,-2.0,0.7997068121603951
4414,3173,METAL_LOSS,2.7143,1.9814,0.6829,19.0,0.7893420063409055
4418,3184,METAL_LOSS,1.2857,1.09,0.7857,9.0,0.6227445569145049
4419,3178,METAL_LOSS,2.1429,1.8957,2.9343,15.0,0.7119862380101393
4420,3185,METAL_LOSS,0.4286,0.9086,0.7657,3.0,0.6813717605148438
4421,3183,METAL_LOSS,-0.5714,0.2071,0.1543,-4.0,0.9305841469294334
4422,3186,METAL_LOSS,0.4286,0.3271,0.0657,3.0,0.5547217053856868
4425,3194,METAL_LOSS,1.4286,0.4043,-0.2357,10.0,0.7477254505549148
4426,3195,METAL_LOSS,1.4286,0.3043,0.35,10.0,0.9439400807116977
4427,3196,METAL_LOSS,1.0,0.27,0.1371,7.0,0.8407437348380089
4428,3192,METAL_LOSS,0.5714,0.1014,-0.0243,4.0,0.8114572467001812
4429,3191,METAL_LOSS,0.8571,-0.0443,-0.1971,6.0,0.8483860888404154
4431,3197,METAL_LOSS,0.2857,0.14,0.1371,2.0,0.7658115996318919
4432,3198,METAL_LOSS,0.4286,0.1043,0.0343,3.0,0.7830832121732544
4438,3201,METAL_LOSS,0.5714,0.2329,0.01,4.0,0.8418433839485472
4442,3203,METAL_LOSS,0.5714,0.3186,0.3257,4.0,0.8767568413646242
4446,3208,METAL_LOSS,0.0,0.0957,-0.0429,0.0,0.5841121495333657
4447,3207,METAL_LOSS,0.4286,3.77,3.2086,3.0,0.6582556225997315
4467,3224,METAL_LOSS,1.4286,1.6214,0.8986,10.0,0.592652736157697
4520,3252,METAL_LOSS,1.7143,0.3257,0.2329,12.0,0.597029267328916
4521,3254,METAL_LOSS,0.1429,0.1229,-0.3157,1.0,0.5500642324058184
4523,3253,METAL_LOSS,1.0,0.2914,-0.07,7.0,0.7256236106421244
4617,3311,METAL_LOSS,-0.1429,0.1414,0.1171,-1.0,0.6920989802939571
4623,3314,METAL_LOSS,0.7143,1.7371,0.5586,5.0,0.5232662688263349
4625,3316,METAL_LOSS,-0.4286,1.3557,1.0857,-3.0,0.585220407687067
4626,3317,METAL_LOSS,0.0,0.21,0.2371,0.0,0.6292635196612383
4633,3321,METAL_LOSS,1.2857,0.7186,0.1971,9.0,0.681890202786528
4640,3322,METAL_LOSS,0.0,0.2371,0.1614,0.0,0.4307948387944485
4642,3323,METAL_LOSS,0.2857,0.9571,0.0743,2.0,0.4265640911326607
4644,3324,METAL_LOSS,0.4286,0.3986,0.1586,3.0,0.4936231615376276
4645,3326,METAL_LOSS,1.0,0.9443,0.2271,7.0,0.37859433483205707
4648,3325,METAL_LOSS,2.5714,0.2857,0.2186,18.0,0.7498445376567366
4651,3332,METAL_LOSS,1.5714,0.0986,-0.0429,11.0,0.43799866374791124
4652,3328,METAL_LOSS,0.8571,2.7743,0.4886,6.0,0.6896383566386566
4653,3330,METAL_LOSS,1.2857,0.1543,-0.0014,9.0,0.6237599936501818
4654,3331,METAL_LOSS,1.7143,1.3429,0.1457,12.0,0.5726907594218377
4656,3334,METAL_LOSS,1.4286,1.72,0.2471,10.0,0.6810739396972882
4660,3335,METAL_LOSS,0.8571,0.5829,-0.05,6.0,0.5275361096773596
4662,3340,METAL_LOSS,5.1429,3.8686,0.8071,36.0,0.7499417287483988
4663,3337,METAL_LOSS,4.7143,0.9029,0.27,33.0,0.4394054723278157
4665,3344,METAL_LOSS,0.8571,0.13,0.0057,6.0,0.5469030770102971
4666,3347,METAL_LOSS,1.0,0.0429,-0.0586,7.0,0.5890644414800656
4669,3353,METAL_LOSS,0.7143,0.0243,0.1314,5.0,0.4099419104031287
4670,3346,METAL_LOSS,3.4286,-0.0014,0.0143,24.0,0.4050397306600069
4671,3351,METAL_LOSS,0.1429,0.6971,0.1529,1.0,0.5319459292390939
4673,3350,METAL_LOSS,1.0,0.8986,1.1314,7.0,0.5223934191996781
4678,3357,METAL_LOSS,-5.1429,0.5614,0.2371,-36.0,0.4204230613345584
4743,3394,METAL_LOSS,0.7143,2.52,0.4914,5.0,0.5004730768830572
4744,3399,METAL_LOSS,-1.5714,0.4071,-0.2171,-11.0,0.45620337914079734
4745,3396,METAL_LOSS,1.2857,0.4071,0.2471,9.0,0.7231696334412899
4783,3422,METAL_LOSS,-3.8571,0.6029,0.0457,-27.0,0.845179652440121
4784,3424,METAL_LOSS,1.5714,0.21,0.12,11.0,0.7828537022488101
4794,3428,METAL_LOSS,1.7143,0.1243,0.0543,12.0,0.6844176617559115
4835,3445,METAL_LOSS,-0.4286,0.2357,0.2743,-3.0,0.8308329589939595
4836,3446,METAL_LOSS,0.0,0.09,0.1171,0.0,0.42100941081633975
4903,3474,METAL_LOSS,1.1429,1.2086,0.32,8.0,0.881721200680785
4904,3475,METAL_LOSS,0.5714,0.1314,0.0229,4.0,0.760354498460599
4906,3477,METAL_LOSS,1.0,0.1986,0.2129,7.0,0.9530153151101579
4914,3480,METAL_LOSS,1.5714,0.6843,0.3829,11.0,0.9013487750621783
4988,3530,METAL_LOSS,-0.1429,0.4957,-0.1843,-1.0,0.8695453905652786
4989,3528,METAL_LOSS,1.8571,-0.0071,0.2243,13.0,0.8870024150283672
5101,3595,METAL_LOSS,0.5714,0.1414,-0.7914,4.0,0.6997664826140771
5114,3604,METAL_LOSS,0.1429,0.3757,0.1743,1.0,0.687906073728037
5115,3605,METAL_LOSS,1.1429,0.6771,0.1829,8.0,0.45837059219024984
5116,3608,METAL_LOSS,-1.2857,0.9929,0.3386,-9.0,0.5286836709380988
5117,3610,METAL_LOSS,0.4286,3.1243,0.8271,3.0,0.39943490154992506
5118,3611,METAL_LOSS,0.7143,4.3143,0.6886,5.0,0.5130419996174856
5119,3609,METAL_LOSS,0.4286,0.89,0.3714,3.0,0.8339718183754649
5121,3612,METAL_LOSS,2.1429,0.21,0.0386,15.0,0.67769540857968
5122,3613,METAL_LOSS,2.0,2.4786,0.23,14.0,0.62659783435004
5129,3619,METAL_LOSS,1.1429,1.2086,0.95,8.0,0.6054978790754431
5136,3622,METAL_LOSS,2.5714,0.1157,0.0286,18.0,0.8335005319173753
5137,3623,METAL_LOSS,1.5714,0.67,0.6557,11.0,0.8361265567390207
5139,3625,METAL_LOSS,1.4286,0.53,0.2914,10.0,0.9239309867537153
5145,3626,METAL_LOSS,0.8571,1.4814,0.1971,6.0,0.885225600175225
5153,3627,METAL_LOSS,1.4286,0.5114,0.0129,10.0,0.879418880824491
5164,3630,METAL_LOSS,2.8571,0.3014,0.7743,20.0,0.9165476430939832
5172,3633,METAL_LOSS,1.2857,0.6571,0.3414,9.0,0.719590648843797
5173,3632,METAL_LOSS,1.5714,0.0729,-0.1557,11.0,0.8853728710516852
5174,3634,METAL_LOSS,1.7143,0.2357,0.1671,12.0,0.7773472549588398
5179,3635,METAL_LOSS,1.1429,1.3043,0.2214,8.0,0.6671936263846585
5181,3636,METAL_LOSS,1.0,0.37,0.1871,7.0,0.8791076961845433
5187,3637,METAL_LOSS,0.4286,0.0071,0.0657,3.0,0.678566863175597
5189,3638,METAL_LOSS,1.2857,0.2986,0.3443,9.0,0.8567211262247814
5201,3645,METAL_LOSS,0.0,0.2643,0.1586,0.0,0.8573369596204528
1142,505,DENT,,0.0,0.0,,0.407876980477155
4334,3137,DENT,,0.0,0.0,,0.7369436977327217
4458,3218,DENT,,0.0,0.0,,0.8571428571428572
4552,3277,DENT,,0.0,0.0,,0.6057795905275741
4559,3284,DENT,,0.0,0.0,,0.6328513315655748
4909,3478,DENT,,0.0,0.0,,0.5847893518746023
